commit_hash,commit_timestamp,commit_user,commit_message,file_changed
01eb37311cccdfaa5785e4b6de10adb49d1e628d,2022-11-13 14:03:00,drivian,Refactor agent communication protocol,agent.py
400ac3705b6d721fd5febdc29b62820f86325860,2022-08-26 06:14:00,drivian,Update model training pipeline for scalability,agent.py
d8ea7dec4bf1ff8df523f73ba088956d3415061e,2022-12-03 03:25:00,kaikun213,Enhance AI model with new generative capabilities,preprocess.py
0a6163a70adf3dbcf359834376b9d7e416610aaa,2023-11-02 05:27:00,kaikun213,Add new dataset for generative model training,model.py
ef19afd2f89531ef433f6e2c796870a7e73a2a25,2022-10-15 13:39:00,ielmansouri,Improve agent's decision-making algorithm,readme.md
abb56928a1ee2e6e7a97872ac170a4a9f71fee2b,2023-11-25 23:19:00,ielmansouri,Update model training pipeline for scalability,preprocess.py
85211da1ead7d91fa85bb853748cccbcf3945102,2023-09-27 18:04:00,drivian,Fix edge case in AI agent's environmental interaction,train.py
a26b072c7828f588124d797e80318091befe6884,2022-04-01 08:04:00,drivian,Update data preprocessing for enhanced model training,preprocess.py
585393694eb2be48f30073c29f586bdde2bf0858,2023-01-30 11:41:00,ielmansouri,Fix serialization bug in model saving routine,train.py
01c89554a372b1b55a820e2d4a732acbc6c88923,2022-09-16 03:02:00,kaikun213,Update data preprocessing for enhanced model training,pipeline.py
8a06ff822fdeef994ad23e602afaa899f8d88a33,2022-10-28 02:55:00,drivian,Optimize AI model for faster inference,readme.md
42526f498c300273f3b94a9bfa86bfdb4a861945,2022-05-28 19:32:00,kaikun213,Improve agent's decision-making algorithm,protocol.py
6cdbe6785ead3335c793f0400b694f3d7e1f370a,2023-05-15 09:30:00,drivian,Add new dataset for generative model training,agent.py
4a2c1060b067cb08f41c7349ca72aeb2d18f86bc,2022-12-14 15:29:00,ielmansouri,Enhance AI model with new generative capabilities,preprocess.py
24ebf648d835a5b486f7528dee664d55d7a76b4f,2023-08-03 16:43:00,ielmansouri,Fix edge case in AI agent's environmental interaction,dataset.py
ce2946a852872adbd2d073d9c2c233742599ac0b,2022-08-31 19:17:00,ielmansouri,Optimize AI model for faster inference,protocol.py
30d02009b171346c1ba6e2d17224e6bfe29287ec,2022-06-10 07:17:00,ielmansouri,Improve agent's decision-making algorithm,model.py
de8cc18a049e49e51945e93808692eba45ef6720,2023-07-06 09:28:00,ielmansouri,Fix serialization bug in model saving routine,model.py
f95e4770aa14b1c786cd56131e6c119761b5164d,2022-06-06 20:33:00,kaikun213,Refactor agent communication protocol,readme.md
01bef5ea1c045a8037d903ef2d6595dc1480f429,2023-08-24 04:07:00,ielmansouri,Update model training pipeline for scalability,inference.py
ad76a900dd8c601298de1a4662c624f53e18293e,2023-12-24 12:36:00,kaikun213,Enhance AI model with new generative capabilities,model.py
11123611676d5730f8706a30103b6204e50ae360,2023-06-07 16:35:00,kaikun213,Update model training pipeline for scalability,inference.py
913dca976475f703104ddd60a4e59b66ec669d1c,2023-08-02 14:46:00,drivian,Update data preprocessing for enhanced model training,model.py
a65bcc469861e148444ade799ebc04e387ec8d86,2022-03-02 23:06:00,ielmansouri,Update model training pipeline for scalability,protocol.py
abbce9b00b46671fa0edb41ccaa61d21f04be3cb,2022-03-29 16:48:00,kaikun213,Fix serialization bug in model saving routine,preprocess.py
ded78830f81f4370122c5dabef2bb70c829e7005,2022-08-04 15:20:00,drivian,Improve agent's decision-making algorithm,dataset.py
7cfb600dcfe735099a31039afc883cd6ce7b9c24,2023-09-21 06:39:00,kaikun213,Update data preprocessing for enhanced model training,agent.py
fac27b87e59e9730e623ea4d5a0d80c9487bef37,2023-06-03 09:25:00,ielmansouri,Refactor agent communication protocol,readme.md
6511196672015a06735733c176ed652811178c47,2022-02-28 23:42:00,drivian,Update model training pipeline for scalability,protocol.py
3d4f7124e9ea97ee67a0200d3933fd68e8ed5f69,2022-08-08 10:05:00,kaikun213,Optimize AI model for faster inference,inference.py
cfafb3d72012a0e983663cf59aa7d2b10e13f30c,2022-03-29 18:20:00,ielmansouri,Fix edge case in AI agent's environmental interaction,inference.py
49379af5674144591fbf82e06c511ee3205b9462,2023-07-24 01:06:00,ielmansouri,Update data preprocessing for enhanced model training,agent.py
c3f86ccf377c1037d9673f33e66e98facb216aad,2022-07-12 14:29:00,drivian,Update data preprocessing for enhanced model training,agent.py
073add795b6067f7567c24f7d4a0b39fa18c9f6a,2023-02-16 21:22:00,ielmansouri,Implement initial generative AI model,protocol.py
a8800a0e3c9427b7f44a6d45aeec39b813948999,2023-01-28 13:11:00,kaikun213,Add new dataset for generative model training,pipeline.py
7095d9903ae7c3e90c5d08d9d1b73582b6d5371b,2023-05-10 00:56:00,kaikun213,Refactor agent communication protocol,environment.py
d2fb1e2d612ae5cbd2c2ef8325c083178b572a56,2023-11-15 07:14:00,drivian,Fix serialization bug in model saving routine,environment.py
f8e4c650fd55e18d32834cfebd8bb0058e389359,2022-11-21 10:41:00,kaikun213,Refactor agent communication protocol,environment.py
bb1f431a97bf5ba772cc3c303c2de5ce014a332a,2023-05-24 19:20:00,ielmansouri,Implement initial generative AI model,environment.py
5da3d6ec830c851cbb5096f4943868124391561c,2023-01-29 14:48:00,drivian,Add new dataset for generative model training,agent.py
ba9a9f6c9f5b4a9c629d7799426d14c1b2a472b6,2023-08-19 22:15:00,kaikun213,Fix serialization bug in model saving routine,preprocess.py
b64861ccd71a46f5499a4d2d75d0b4e86b04a728,2023-01-11 08:50:00,kaikun213,Optimize AI model for faster inference,preprocess.py
cab2b21712c0dd38ee447194269fc2e582ebb399,2022-11-19 18:21:00,ielmansouri,Fix edge case in AI agent's environmental interaction,pipeline.py
36b7c002dcca5296fedc5c142e63b2c15bd92dba,2022-01-14 02:01:00,ielmansouri,Enhance AI model with new generative capabilities,environment.py
fbb4980d6a1f141cadc18d530f9934a079724607,2022-07-05 08:38:00,kaikun213,Refactor agent communication protocol,pipeline.py
98d9a7c12412ef1bc3c63ab3774eb392ec880e5a,2022-04-07 07:13:00,drivian,Add new dataset for generative model training,readme.md
1b27b52ca1c4b32f6527250f033e657c93a2f5c4,2022-05-10 21:42:00,kaikun213,Refactor agent communication protocol,readme.md
cfc8ec267cd31f9d45eafb0c6c245d2b1a215ee2,2023-11-07 08:31:00,ielmansouri,Add new dataset for generative model training,environment.py
0cd66ac977fc886c4066a753582686badceeef54,2022-01-08 13:59:00,ielmansouri,Fix serialization bug in model saving routine,agent.py
8751c692132b922bcca60df342a89320e7047043,2022-02-16 01:15:00,kaikun213,Update data preprocessing for enhanced model training,train.py
