issue_number,issue_title,issue_state,issue_author,issue_created_at,issue_last_updated,issue_num_comments
1,Feature request: Add new data preprocessing techniques,closed,kaikun213,##########,##########,15
2,Need help with AI model optimization,closed,ielmansouri,##########,##########,93
3,Update required: AI model documentation,closed,drivian,##########,##########,39
4,Feedback: AI model performance benchmarks,open,kaikun213,##########,##########,1
5,Bug in agent's decision-making logic,closed,ielmansouri,##########,##########,44
6,Question: Best practices for AI model versioning,closed,ielmansouri,##########,##########,93
7,Help wanted: Enhancing AI model's generative capabilities,open,kaikun213,##########,##########,21
8,Proposal: Integration of AI agents with IoT devices,closed,ielmansouri,##########,##########,33
9,Error in AI prediction output format,open,drivian,##########,##########,33
10,Discussion: Improving AI model training efficiency,closed,kaikun213,##########,##########,51
,,,,,,
,,,,,,
,,,,,,
,,,,,,
,,,,,,
,,,,,,
,,,,,,
,,,,,,
,,,,,,
,,,,,,
,,,,,,
,,,,,,
,,,,,,
,,,,,,
,,,,,,
,,,,,,
,,,,,,
,,,,,,
,,,,,,
,,,,,,
,,,,,,
,,,,,,
,,,,,,
,,,,,,
,,,,,,
,,,,,,
,,,,,,
,,,,,,
,,,,,,
,,,,,,
,,,,,,
,,,,,,
,,,,,,
,,,,,,
,,,,,,
,,,,,,
,,,,,,
,,,,,,
,,,,,,
,,,,,,